"['Men', 'Designers', 'Jil Sander', 'Shoes', 'Boots', 'Chelsea boots']",https://img.mytheresa.com/1094/1236/90/jpeg/catalog/product/9c/P00817332.jpg,Jil Sander,Leather Chelsea boots,€ 919,,,P00817332,"['EU_ 39 / EU 39', 'EU_ 40 / EU 40', 'EU_ 41 / EU 41', 'EU_ 42 / EU 42', 'EU_ 43 / EU 43', 'EU_ 44 / EU 44', 'EU_ 45 / EU 45']","Jil Sander's sophisticated minimalism is characterized by neutral tones, clean lines, and precisely-placed details. Crafted from smooth leather, these Chelsea boots are shaped to a  round-toe silhouette with tonal rubber soles and elasticated gussets.",[]
"['Men', 'Designers', 'Giorgio Armani', 'Shoes', 'Formal shoes', 'Brogues']",https://img.mytheresa.com/1094/1236/90/jpeg/catalog/product/e2/P00820282.jpg,Giorgio Armani,Patent leather Oxford shoes,€ 749,,,P00820282,"['UK_ 6 / EU 40', 'UK_ 7 / EU 41', 'UK_ 8 / EU 42', 'UK_ 9 / EU 43', 'UK_ 10 / EU 44', 'UK_ 11 / EU 45', 'UK_ 12 / EU 46']","Known for its streamlined modernity, Giorgio Armani presents an elegant take on classic silhouettes and immaculate suiting. Round off your look with these Oxford shoes, made in Italy from patent leather.",[]
"['Men', 'Designers', 'Thom Browne', 'Shoes', 'Sneakers', 'Low-Top']",https://img.mytheresa.com/1094/1236/90/jpeg/catalog/product/0f/P00806081.jpg,Thom Browne,Leather low-top sneakers,€ 499,€ 253,70% off,P00806081,"['US_ 6 / EU 39', 'US_ 7 / EU 40', 'US_ 8 / EU 41', 'US_ 9 / EU 42', 'US_ 10 / EU 43', 'US_ 11 / EU 44', 'US_ 12 / EU 45']",Tricolor grosgrain trims add a preppy touch to Thom Browne’s Americana-led designs. These calfskin low-top sneakers have signature pull tabs and matching stripes on the rubber midsoles.,"['https://img.mytheresa.com/332/376/90/jpeg/catalog/product/0f/P00806081_b1.jpg', 'https://img.mytheresa.com/332/376/90/jpeg/catalog/product/7f/P00501832.jpg', 'https://img.mytheresa.com/332/376/90/jpeg/catalog/product/15/P00757042.jpg']"
"['Men', 'Designers', 'Manolo Blahnik', 'Shoes', 'Boots', 'Chelsea boots']",https://img.mytheresa.com/1094/1236/90/jpeg/catalog/product/21/P00831255.jpg,Manolo Blahnik,Delsa suede Chelsea boot,€ 755,,,P00831255,"['UK_ 6 / EU 40', 'UK_ 7 / EU 41', 'UK_ 7.5 / EU 41.5', 'UK_ 8 / EU 42', 'UK_ 8.5 / EU 42.5', 'UK_ 9 / EU 43', 'UK_ 9.5 / EU 43.5', 'UK_ 10 / EU 44', 'UK_ 10.5 / EU 44.5', 'UK_ 11 / EU 45', 'UK_ 12 / EU 46', 'UK_ 13 / EU 47']","Team your cold-weather looks with the Delsa Suede Chelsea boot from Manolo Blahnik. The Italian-crafted pair is made from smooth suede and will look good paired with chinos, jeans, and pants.",[]
"['Men', 'Designers', 'Giorgio Armani', 'Shoes', 'Boots', 'Lace up boots']",https://img.mytheresa.com/1094/1236/90/jpeg/catalog/product/e0/P00835289.jpg,Giorgio Armani,Leather lace-up boots,"€ 1,219",,,P00835289,"['UK_ 6 / EU 40', 'UK_ 7 / EU 41', 'UK_ 8 / EU 42', 'UK_ 9 / EU 43', 'UK_ 10 / EU 44', 'UK_ 11 / EU 45', 'UK_ 12 / EU 46']","Inspired by outdoor styles, these ankle boots from Giorgio Armani are made from supple leather with lace-up fronts. They feature branded tongues and rest atop chunky soles for optimum comfort.",[]
"['Men', 'Designers', 'Gucci', 'Shoes', 'Sneakers', 'High-Top']",https://img.mytheresa.com/1094/1236/90/jpeg/catalog/product/e8/P00815915.jpg,Gucci,GG jacquard high-top sneakers,€ 585,,,P00815915,"['UK_ 5 / EU 39', 'UK_ 6 / EU 40', 'UK_ 7 / EU 41', 'UK_ 8 / EU 42', 'UK_ 9 / EU 43', 'UK_ 10 / EU 44', 'UK_ 11 / EU 45', 'UK_ 12 / EU 46', 'UK_ 13 / EU 47']","A historic interpretation of founder Guccio Gucci's initials, GG Supreme canvas is a key fabric at the house of Gucci. These high-top sneakers are inspired by tennis, featuring lugged rubber soles with logo midsoles.","['https://img.mytheresa.com/332/376/90/jpeg/catalog/product/e8/P00815915_b1.jpg', 'https://img.mytheresa.com/332/376/90/jpeg/catalog/product/57/P00731016.jpg', 'https://img.mytheresa.com/332/376/90/jpeg/catalog/product/39/P00737651.jpg', 'https://img.mytheresa.com/332/376/90/jpeg/catalog/product/ec/P00737678.jpg', 'https://img.mytheresa.com/332/376/90/jpeg/catalog/product/d4/P00737553.jpg', 'https://img.mytheresa.com/332/376/90/jpeg/catalog/product/14/P00773750.jpg']"
"['Men', 'Designers', 'Valentino Garavani', 'Shoes', 'Boots', 'Chelsea boots']",https://img.mytheresa.com/1094/1236/90/jpeg/catalog/product/06/P00806771.jpg,Valentino Garavani,Leather Chelsea boots,€ 825,,,P00806771,"['EU_ 40 / EU 40', 'EU_ 41 / EU 41', 'EU_ 42 / EU 42', 'EU_ 43 / EU 43', 'EU_ 44 / EU 44', 'EU_ 45 / EU 45', 'EU_ 46 / EU 46']","These Chelsea boots from Valentino Garavani are a timeless addition to your edit. Made in Italy from smooth leather, the classic design features heel tabs subtly decorated with brand-signature rockstuds and elasticated sides.",[]
"['Men', 'Designers', 'Valentino Garavani', 'Shoes', 'Formal shoes', 'Loafers']",https://img.mytheresa.com/1094/1236/90/jpeg/catalog/product/6b/P00806770.jpg,Valentino Garavani,Leather loafers,€ 749,,,P00806770,"['EU_ 40 / EU 40', 'EU_ 41 / EU 41', 'EU_ 42 / EU 42', 'EU_ 43 / EU 43', 'EU_ 44 / EU 44', 'EU_ 45 / EU 45', 'EU_ 46 / EU 46']","These loafers from Valentino Garavani are classics for a reason. Crafted from smooth black leather with round toes, this pair is suited to formalwear and office attire alike. Note the tonal Rockstud embellishing the heels.",[]
"['Men', 'Designers', 'Christian Louboutin', 'Shoes', 'Sneakers', 'High-Top']",https://img.mytheresa.com/1094/1236/90/jpeg/catalog/product/b8/P00830480.jpg,Christian Louboutin,Louis suede sneakers,€ 669,,,P00830480,"['EU_ 39 / EU 39', 'EU_ 40 / EU 40', 'EU_ 41 / EU 41', 'EU_ 42 / EU 42', 'EU_ 43 / EU 43', 'EU_ 44 / EU 44', 'EU_ 45 / EU 45', 'EU_ 46 / EU 46', 'EU_ 47 / EU 47']",The Louis high-top sneakers from Christian Louboutin are made from smooth navy blue suede. The design is inspired by '80s styles and has tonal grosgrain trims and discreet topstitching.,[]
"['Men', 'Designers', 'Christian Louboutin', 'Shoes', 'Sneakers', 'Low-Top']",https://img.mytheresa.com/1094/1236/90/jpeg/catalog/product/93/P00830482.jpg,Christian Louboutin,Happyrui leather-trimmed sneakers,€ 715,,,P00830482,"['EU_ 39 / EU 39', 'EU_ 40 / EU 40', 'EU_ 41 / EU 41', 'EU_ 42 / EU 42', 'EU_ 43 / EU 43', 'EU_ 44 / EU 44', 'EU_ 45 / EU 45', 'EU_ 46 / EU 46', 'EU_ 47 / EU 47']",Christian Louboutin’s Happyrui sneakers are a low-top design inspired by classic tennis shoes. The modern style combines leather and suede panels with tactile monogrammed fabric and sits atop thick rubber soles.,[]
"['Men', 'Designers', 'Lanvin', 'Shoes', 'Sneakers', 'Low-Top']",https://img.mytheresa.com/1094/1236/90/jpeg/catalog/product/12/P00835454.jpg,Lanvin,DDB0 leather sneakers,€ 379,,,P00835454,"['EU_ 39 / EU 39', 'EU_ 40 / EU 40', 'EU_ 41 / EU 41', 'EU_ 42 / EU 42', 'EU_ 43 / EU 43', 'EU_ 44 / EU 44', 'EU_ 45 / EU 45', 'EU_ 46 / EU 46']",Add to your sneaker collection with the essential DDB0 pair from Lanvin. They’re made from white leather atop durable rubber soles.,[]
"['Men', 'Designers', 'The Row', 'Shoes', 'Sneakers', 'Low-Top']",https://img.mytheresa.com/1094/1236/90/jpeg/catalog/product/51/P00835950.jpg,The Row,Owen Runner leather-trimmed sneakers,€ 819,,,P00835950,"['EU_ 40 / EU 40', 'EU_ 41 / EU 41', 'EU_ 42 / EU 42', 'EU_ 43 / EU 43', 'EU_ 44 / EU 44', 'EU_ 45 / EU 45', 'EU_ 46 / EU 46']","Step into The Row’s effortless minimalism with the Owen Runner sneakers. This style is made in Italy from technical mesh and features leather panels, tonal laces, and sporty lugged soles.",[]
"['Men', 'Designers', 'Gucci', 'Shoes', 'Loafers']",https://img.mytheresa.com/1094/1236/90/jpeg/catalog/product/38/P00815986.jpg,Gucci,Horsebit GG canvas loafers,€ 695,,,P00815986,"['UK_ 6 / EU 40', 'UK_ 7 / EU 41', 'UK_ 8 / EU 42', 'UK_ 8.5 / EU 42.5', 'UK_ 9 / EU 43', 'UK_ 9.5 / EU 43.5', 'UK_ 10 / EU 44', 'UK_ 10.5 / EU 44.5', 'UK_ 11 / EU 45', 'UK_ 12 / EU 46', 'UK_ 13 / EU 47']","A historic interpretation of founder Guccio Gucci's initials, GG Supreme canvas is a key fabric at the house of Gucci. These slip-on loafers continue to favor the bold with Horsebit detailing and Web Stripes.",[]
"['Men', 'Designers', 'Dolce & Gabbana', 'Shoes', 'Sandals & slides']",https://img.mytheresa.com/1094/1236/90/jpeg/catalog/product/cb/P00816304.jpg,Dolce&Gabbana,Logo leather slides,€ 510,,,P00816304,"['EU_ 40 / EU 40', 'EU_ 41 / EU 41', 'EU_ 42 / EU 42', 'EU_ 43 / EU 43', 'EU_ 44 / EU 44', 'EU_ 45 / EU 45', 'EU_ 46 / EU 46']","Sicilian culture is at the heart of Dolce&Gabbana's aesthetic, which attributes most of its bold styles to its Italian heritage. Elevate your edit with these slides crafted from leather and embossed with the brand's logo.","['https://img.mytheresa.com/332/376/90/jpeg/catalog/product/cb/P00816304_b1.jpg', 'https://img.mytheresa.com/332/376/90/jpeg/catalog/product/c2/P00818680.jpg', 'https://img.mytheresa.com/332/376/90/jpeg/catalog/product/28/P00818784.jpg']"
"['Men', 'Designers', 'Manolo Blahnik', 'Shoes', 'Sandals & slides']",https://img.mytheresa.com/1094/1236/90/jpeg/catalog/product/61/P00831202.jpg,Manolo Blahnik,Otawi leather slides,€ 529,,,P00831202,"['UK_ 6 / EU 40', 'UK_ 7 / EU 41', 'UK_ 7.5 / EU 41.5', 'UK_ 8 / EU 42', 'UK_ 8.5 / EU 42.5', 'UK_ 9 / EU 43', 'UK_ 9.5 / EU 43.5', 'UK_ 10 / EU 44', 'UK_ 10.5 / EU 44.5', 'UK_ 11 / EU 45', 'UK_ 12 / EU 46']","Achieve effortless elegance in the Otawi slides from Manolo Blahnik. Designed with cross-over straps, this pair is made in Italy from smooth black leather and has a cushioned leather insole for added comfort.",[]
"['Men', 'Designers', 'Burberry', 'Shoes', 'Loafers']",https://img.mytheresa.com/1094/1236/90/jpeg/catalog/product/d4/P00818442.jpg,Burberry,Burberry Check felted penny loafers,€ 525,,,P00818442,"['EU_ 39 / EU 39', 'EU_ 40 / EU 40', 'EU_ 41 / EU 41', 'EU_ 42 / EU 42', 'EU_ 43 / EU 43', 'EU_ 44 / EU 44', 'EU_ 45 / EU 45', 'EU_ 46 / EU 46']","Now a house signature, the Burberry Check pattern was originally used as trench coat lining in the 1920s. The pattern animates these felted penny loafers, adding a heritage flair to a classic shoe style.","['https://img.mytheresa.com/332/376/90/jpeg/catalog/product/d4/P00818442_b1.jpg', 'https://img.mytheresa.com/332/376/90/jpeg/catalog/product/5e/P00739343.jpg', 'https://img.mytheresa.com/332/376/90/jpeg/catalog/product/4e/P00818431.jpg', 'https://img.mytheresa.com/332/376/90/jpeg/catalog/product/74/P00818288.jpg']"
"['Men', 'Designers', 'Christian Louboutin', 'Shoes', 'Sneakers', 'Low-Top']",https://img.mytheresa.com/1094/1236/90/jpeg/catalog/product/76/P00830481.jpg,Christian Louboutin,Louis Junior Spikes suede sneakers,€ 669,,,P00830481,"['EU_ 39 / EU 39', 'EU_ 40 / EU 40', 'EU_ 41 / EU 41', 'EU_ 42 / EU 42', 'EU_ 43 / EU 43', 'EU_ 44 / EU 44', 'EU_ 45 / EU 45', 'EU_ 46 / EU 46', 'EU_ 47 / EU 47']",The Louis Junior sneakers from Christian Louboutin feature small spikes on the toe box. The design is made from smooth suede and comes with the brand's signature red soles.,[]
"['Men', 'Designers', 'Maison Margiela', 'Shoes', 'Sneakers', 'Low-Top']",https://img.mytheresa.com/1094/1236/90/jpeg/catalog/product/d5/P00818840.jpg,Maison Margiela,Paneled low-top sneakers,€ 525,,,P00818840,"['EU_ 39 / EU 39', 'EU_ 40 / EU 40', 'EU_ 41 / EU 41', 'EU_ 42 / EU 42', 'EU_ 43 / EU 43', 'EU_ 44 / EU 44', 'EU_ 45 / EU 45', 'EU_ 46 / EU 46']","These low-top sneakers exemplify Maison Margiela's deconstructive essence. Boasting a paneled construction, the multicolored patterned canvas uppers are contrasted by black calfskin, white rubber soles and matching toe caps, and branded suede heel counters.",[]
"['Men', 'Designers', 'Dolce & Gabbana', 'Shoes', 'Loafers']",https://img.mytheresa.com/1094/1236/90/jpeg/catalog/product/a3/P00818763.jpg,Dolce&Gabbana,Logo leather loafers,€ 690,,,P00818763,"['EU_ 39 / EU 39', 'EU_ 40 / EU 40', 'EU_ 41 / EU 41', 'EU_ 42 / EU 42', 'EU_ 43 / EU 43', 'EU_ 44 / EU 44', 'EU_ 45 / EU 45', 'EU_ 46 / EU 46', 'EU_ 47 / EU 47']","Look to Dolce&Gabbana for luxury essentials in a modern man's wardrobe. Made from smooth leather, these loafers are enhanced with silver-toned logo hardware for instant recognition.","['https://img.mytheresa.com/332/376/90/jpeg/catalog/product/a3/P00818763_b1.jpg', 'https://img.mytheresa.com/332/376/90/jpeg/catalog/product/e9/P00818755.jpg', 'https://img.mytheresa.com/332/376/90/jpeg/catalog/product/68/P00818757.jpg']"
"['Men', 'Designers', 'Christian Louboutin', 'Shoes', 'Boots', 'Chelsea boots']",https://img.mytheresa.com/1094/1236/90/jpeg/catalog/product/fd/P00830472.jpg,Christian Louboutin,Alpinosol suede ankle boots,€ 925,,,P00830472,"['EU_ 39 / EU 39', 'EU_ 40 / EU 40', 'EU_ 41 / EU 41', 'EU_ 42 / EU 42', 'EU_ 43 / EU 43', 'EU_ 44 / EU 44', 'EU_ 45 / EU 45', 'EU_ 46 / EU 46']","Named for the mountains that inspired their design, the Alpinosol ankle boots are made from smooth brown suede. Finished with Christian Louboutin's iconic red soles, this pair makes every step you take a sophisticated one.",[]
"['Men', 'Designers', 'Saint Laurent', 'Shoes', 'Loafers']",https://img.mytheresa.com/1094/1236/90/jpeg/catalog/product/49/P00672667.jpg,Saint Laurent,Le Loafer leather penny loafers,€ 585,,,P00672667,"['EU_ 39 / EU 39', 'EU_ 39.5 / EU 39.5', 'EU_ 40 / EU 40', 'EU_ 40.5 / EU 40.5', 'EU_ 41 / EU 41', 'EU_ 41.5 / EU 41.5', 'EU_ 42 / EU 42', 'EU_ 42.5 / EU 42.5', 'EU_ 43 / EU 43', 'EU_ 43.5 / EU 43.5', 'EU_ 44 / EU 44', 'EU_ 44.5 / EU 44.5', 'EU_ 45 / EU 45', 'EU_ 45.5 / EU 45.5', 'EU_ 46 / EU 46']","Crafted from smooth leather in a rounded silhouette, the Le Loafer penny loafers from Saint Laurent feature the label's Cassandre logo. The slip-on design rests atop leather soles.","['https://img.mytheresa.com/332/376/90/jpeg/catalog/product/49/P00672667_b1.jpg', 'https://img.mytheresa.com/332/376/90/jpeg/catalog/product/9c/P00645336.jpg', 'https://img.mytheresa.com/332/376/90/jpeg/catalog/product/b2/P00492146.jpg', 'https://img.mytheresa.com/332/376/90/jpeg/catalog/product/53/P00630699.jpg']"
"['Men', 'Designers', 'Valentino Garavani', 'Shoes', 'Sneakers', 'Low-Top']",https://img.mytheresa.com/1094/1236/90/jpeg/catalog/product/43/P00806763.jpg,Valentino Garavani,Rockrunner suede-trimmed sneakers,€ 499,,,P00806763,"['EU_ 39 / EU 39', 'EU_ 40 / EU 40', 'EU_ 41 / EU 41', 'EU_ 42 / EU 42', 'EU_ 43 / EU 43', 'EU_ 44 / EU 44', 'EU_ 45 / EU 45', 'EU_ 46 / EU 46', 'EU_ 47 / EU 47']",The Rockrunner sneakers from Valentino Garavani are made with fabric uppers that feature suede trims. This style is made in a classic round-toe silhouette with a lace-up design and set atop rubber soles.,"['https://img.mytheresa.com/332/376/90/jpeg/catalog/product/43/P00806763_b1.jpg', 'https://img.mytheresa.com/332/376/90/jpeg/catalog/product/3b/P00806257.jpg', 'https://img.mytheresa.com/332/376/90/jpeg/catalog/product/32/P00806251.jpg']"
"['Men', 'Designers', 'Valentino Garavani', 'Shoes', 'Formal shoes', 'Derby']",https://img.mytheresa.com/1094/1236/90/jpeg/catalog/product/e6/P00806754.jpg,Valentino Garavani,Rockstud leather Oxford shoes,€ 825,,,P00806754,"['EU_ 40 / EU 40', 'EU_ 41 / EU 41', 'EU_ 42 / EU 42', 'EU_ 43 / EU 43', 'EU_ 44 / EU 44', 'EU_ 45 / EU 45', 'EU_ 46 / EU 46']","Valentino Garavani looked to ancient architecture to create the now-iconic Rockstud embellishments. These black calfskin Oxford shoes have embellished welts and exaggerated square toes that create a modern silhouette, offset by traditional lace-up vamps.",[]
"['Men', 'Designers', ""Tod's"", 'Shoes', 'Formal shoes', 'Derby']",https://img.mytheresa.com/1094/1236/90/jpeg/catalog/product/af/P00642289.jpg,Tod's,Suede Derby shoes,€ 499,,,P00642289,"['UK_ 6 / EU 39.5', 'UK_ 6.5 / EU 40', 'UK_ 7 / EU 41', 'UK_ 7.5 / EU 41.5', 'UK_ 8 / EU 42', 'UK_ 8.5 / EU 42.5', 'UK_ 9 / EU 43-43.5', 'UK_ 9.5 / EU 44', 'UK_ 10 / EU 44.5', 'UK_ 10.5 / EU 45', 'UK_ 11 / EU 45.5', 'UK_ 11.5 / EU 46.5', 'UK_ 12 / EU 47', 'UK_ 13 / EU 48']","Made in Italy from supple suede in brown, these Tod's Derby shoes feature a classic lace-up design with signature rubber pebbles at the soles.","['https://img.mytheresa.com/332/376/90/jpeg/catalog/product/af/P00642289_b1.jpg', 'https://img.mytheresa.com/332/376/90/jpeg/catalog/product/a6/P00641933.jpg']"
"['Men', 'Designers', 'Valentino Garavani', 'Shoes', 'Sneakers', 'Low-Top']",https://img.mytheresa.com/1094/1236/90/jpeg/catalog/product/5c/P00806757.jpg,Valentino Garavani,VLogo Pace leather-trimmed sneakers,€ 665,,,P00806757,"['EU_ 39 / EU 39', 'EU_ 40 / EU 40', 'EU_ 41 / EU 41', 'EU_ 42 / EU 42', 'EU_ 43 / EU 43', 'EU_ 44 / EU 44', 'EU_ 45 / EU 45', 'EU_ 46 / EU 46']","The VLogo Pace sneakers from Valentino Garavani make for a vibrant addition to your footwear edit. Crafted from mesh with leather trims, the sporty design features the brand-signature VLogo detail and is set atop dented rubber soles.","['https://img.mytheresa.com/332/376/90/jpeg/catalog/product/5c/P00806757_b1.jpg', 'https://img.mytheresa.com/332/376/90/jpeg/catalog/product/3b/P00806257.jpg', 'https://img.mytheresa.com/332/376/90/jpeg/catalog/product/ac/P00806250.jpg']"
"['Men', 'Designers', 'Christian Louboutin', 'Shoes', 'Boots', 'Chelsea boots']",https://img.mytheresa.com/1094/1236/90/jpeg/catalog/product/13/P00830471.jpg,Christian Louboutin,Alpinosol suede Chelsea boots,€ 925,,,P00830471,"['EU_ 39 / EU 39', 'EU_ 40 / EU 40', 'EU_ 41 / EU 41', 'EU_ 42 / EU 42', 'EU_ 43 / EU 43', 'EU_ 44 / EU 44', 'EU_ 45 / EU 45', 'EU_ 46 / EU 46']","The mountain-inspired Alpinosol Chelsea boots are Italian-crafted from soft suede with elasticated side gussets, pull tabs, and chunky, lugged rubber soles. Finished with Christian Louboutin's iconic red soles, this pair makes every step you take a sophisticated one.",[]
"['Men', 'Designers', 'Valentino Garavani', 'Shoes', 'Sneakers', 'Low-Top']",https://img.mytheresa.com/1094/1236/90/jpeg/catalog/product/2a/P00806762.jpg,Valentino Garavani,Toile Iconographe Totaloop sneakers,€ 665,,,P00806762,"['EU_ 39 / EU 39', 'EU_ 40 / EU 40', 'EU_ 41 / EU 41', 'EU_ 42 / EU 42', 'EU_ 43 / EU 43', 'EU_ 44 / EU 44', 'EU_ 45 / EU 45', 'EU_ 46 / EU 46']",The Totaloop sneakers from Valentino Garavani are made from brand-signature Toile Iconographe material with tonal leather trims. This classic pair is set atop chunky rubber soles and features a logo print on the tongue.,[]
"['Men', 'Designers', 'Brunello Cucinelli', 'Shoes', 'Sneakers', 'Low-Top']",https://img.mytheresa.com/1094/1236/90/jpeg/catalog/product/f0/P00738277.jpg,Brunello Cucinelli,Low-top leather sneakers,€ 715,,,P00738277,"['EU_ 39 / EU 39', 'EU_ 40 / EU 40', 'EU_ 41 / EU 41', 'EU_ 42 / EU 42', 'EU_ 43 / EU 43', 'EU_ 44 / EU 44', 'EU_ 45 / EU 45', 'EU_ 46 / EU 46']","Made from leather, these white tennis sneakers from Brunello Cucinelli feature thick rubber soles and are finished with brand-iconic logo detailing at the suede-paneled heel counters and tongues.",[]
"['Men', 'Designers', 'Zegna', 'Shoes', 'Formal shoes', 'Derby']",https://img.mytheresa.com/1094/1236/90/jpeg/catalog/product/cf/P00828547.jpg,Zegna,Siena Flex leather Derby shoes,€ 665,,,P00828547,"['UK_ 6 / EU 40', 'UK_ 7 / EU 41', 'UK_ 8 / EU 42', 'UK_ 9 / EU 43', 'UK_ 10 / EU 44', 'UK_ 11 / EU 45', 'UK_ 12 / EU 46']","Established with the aim to create the world’s finest fabrics, Zegna is now the go-to brand for luxurious and innovative menswear. The Siena Flex Derby shoes are crafted from hand-buffed leather with memory foam for added support and comfort.",[]
"['Men', 'Designers', 'Gucci', 'Shoes', 'Formal shoes', 'Derby']",https://img.mytheresa.com/1094/1236/90/jpeg/catalog/product/2f/P00815690.jpg,Gucci,Half Horsebit leather brogues,€ 749,,,P00815690,"['UK_ 6 / EU 40', 'UK_ 7 / EU 41', 'UK_ 8 / EU 42', 'UK_ 9 / EU 43', 'UK_ 10 / EU 44', 'UK_ 11 / EU 45', 'UK_ 12 / EU 46', 'UK_ 13 / EU 47']","Crafted from leather in Italy, these brogues from Gucci combine traditional broguing with intricate elements. Half Horsebit detailing across the bridges creates a memorable and label-defining finish.","['https://img.mytheresa.com/332/376/90/jpeg/catalog/product/2f/P00815690_b1.jpg', 'https://img.mytheresa.com/332/376/90/jpeg/catalog/product/30/P00773761.jpg', 'https://img.mytheresa.com/332/376/90/jpeg/catalog/product/34/P00773762.jpg']"
"['Men', 'Designers', 'Tom Ford', 'Shoes', 'Formal shoes', 'Loafers']",https://img.mytheresa.com/1094/1236/90/jpeg/catalog/product/fd/P00837518.jpg,Tom Ford,Bailey patent leather loafers,"€ 1,219",,,P00837518,"['UK_ 6 / EU 39', 'UK_ 7 / EU 40', 'UK_ 8 / EU 41', 'UK_ 9 / EU 42', 'UK_ 10 / EU 43', 'UK_ 11 / EU 44', 'UK_ 12 / EU 45']","Tom Ford's meticulous approach to formal aesthetics appears with sophisticated reverence for the Bailey loafers. This glossy black patent leather style has beveled square toes that contrast the traditional elements, such as penny straps.",[]
"['Men', 'Designers', 'Saint Laurent', 'Shoes', 'Sneakers', 'High-Top']",https://img.mytheresa.com/1094/1236/90/jpeg/catalog/product/aa/P00829076.jpg,Saint Laurent,LAX leather sneakers,€ 755,,,P00829076,"['EU_ 40 / EU 40', 'EU_ 41 / EU 41', 'EU_ 42 / EU 42', 'EU_ 43 / EU 43', 'EU_ 44 / EU 44', 'EU_ 45 / EU 45', 'EU_ 46 / EU 46']","This season, Saint Laurent presents its take on Californian cool with the LAX sneakers. Made from white leather with a washed effect that's done by hand, each mid-top pair is unique.",[]
"['Men', 'Designers', 'Balenciaga', 'Shoes', 'Sneakers', 'Low-Top']",https://img.mytheresa.com/1094/1236/90/jpeg/catalog/product/44/P00868281.jpg,Balenciaga,3XL sneakers,€ 895,,,P00868281,"['EU_ 40 / EU 40', 'EU_ 41 / EU 41', 'EU_ 42 / EU 42', 'EU_ 43 / EU 43', 'EU_ 44 / EU 44']","Build your casualwear looks around these 3XL sneakers from Balenciaga. Crafted from lightweight white mesh, they have distressed red and blue details for a lived-in look and are set on rubber soles with oversized heels.",[]
"['Men', 'Designers', 'Gucci', 'Shoes', 'Loafers']",https://img.mytheresa.com/1094/1236/90/jpeg/catalog/product/cc/P00815895.jpg,Gucci,Interlocking G leather loafers,€ 749,,,P00815895,"['UK_ 6 / EU 40', 'UK_ 7 / EU 41', 'UK_ 7.5 / EU 41.5', 'UK_ 8 / EU 42', 'UK_ 8.5 / EU 42.5', 'UK_ 9 / EU 43', 'UK_ 9.5 / EU 43.5', 'UK_ 10 / EU 44', 'UK_ 10.5 / EU 44.5', 'UK_ 11 / EU 45', 'UK_ 12 / EU 46', 'UK_ 13 / EU 47']","Invest in these loafers from Gucci for a timeless design that transcends seasons. Made from black leather, the style is finished with silver-toned chain Interlocking G hardware on the front.","['https://img.mytheresa.com/332/376/90/jpeg/catalog/product/cc/P00815895_b1.jpg', 'https://img.mytheresa.com/332/376/90/jpeg/catalog/product/df/P00815760.jpg', 'https://img.mytheresa.com/332/376/90/jpeg/catalog/product/92/P00815696.jpg']"
"['Men', 'Designers', 'Balenciaga', 'Shoes', 'Sneakers', 'Designer sneakers']",https://img.mytheresa.com/1094/1236/90/jpeg/catalog/product/b1/P00850977.jpg,Balenciaga,3XL sneakers,€ 925,,,P00850977,"['EU_ 39 / EU 39', 'EU_ 40 / EU 40', 'EU_ 41 / EU 41', 'EU_ 42 / EU 42', 'EU_ 43 / EU 43', 'EU_ 44 / EU 44', 'EU_ 45 / EU 45', 'EU_ 46 / EU 46', 'EU_ 47 / EU 47']",The 3XL sneakers from Balenciaga are a stand-out silhouette with logo-embossed details. They are made from mesh and faux leather with a worn-in effect and feature chunky rubber soles for a lengthened look.,[]
"['Men', 'Designers', 'Christian Louboutin', 'Shoes', 'Sneakers', 'Designer sneakers']",https://img.mytheresa.com/1094/1236/90/jpeg/catalog/product/c3/P00483696.jpg,Christian Louboutin,Louis Junior sneakers,€ 657,€ 317,50% off,P00483696,"['EU_ 39 / EU 39', 'EU_ 39.5 / EU 39.5', 'EU_ 40 / EU 40', 'EU_ 40.5 / EU 40.5', 'EU_ 41 / EU 41', 'EU_ 41.5 / EU 41.5', 'EU_ 42 / EU 42', 'EU_ 42.5 / EU 42.5', 'EU_ 43 / EU 43', 'EU_ 43.5 / EU 43.5', 'EU_ 44 / EU 44', 'EU_ 44.5 / EU 44.5', 'EU_ 45 / EU 45', 'EU_ 45.5 / EU 45.5', 'EU_ 46 / EU 46', 'EU_ 47 / EU 47']","In a sleek white silhouette, these minimal sneakers from Christian Louboutin are Italian-made from smooth leather.","['https://img.mytheresa.com/332/376/90/jpeg/catalog/product/c3/P00483696_b1.jpg', 'https://img.mytheresa.com/332/376/90/jpeg/catalog/product/99/P00662894.jpg', 'https://img.mytheresa.com/332/376/90/jpeg/catalog/product/85/P00662905.jpg']"
"['Men', 'Designers', 'Balenciaga', 'Shoes', 'Sneakers', 'Designer sneakers']",https://img.mytheresa.com/1094/1236/90/jpeg/catalog/product/9c/P00850983.jpg,Balenciaga,3XL sneakers,€ 925,,,P00850983,"['EU_ 39 / EU 39', 'EU_ 40 / EU 40', 'EU_ 41 / EU 41', 'EU_ 42 / EU 42', 'EU_ 43 / EU 43', 'EU_ 44 / EU 44', 'EU_ 45 / EU 45', 'EU_ 46 / EU 46', 'EU_ 47 / EU 47']",The 3XL sneakers from Balenciaga are a stand-out silhouette with logo-embossed details. They are made from mesh and faux leather with a worn-in effect and feature chunky rubber soles for a lengthened look.,[]
"['Men', 'Designers', 'Lanvin', 'Shoes', 'Sneakers', 'Low-Top']",https://img.mytheresa.com/1094/1236/90/jpeg/catalog/product/1d/P00835457.jpg,Lanvin,Curb suede sneakers,€ 665,,,P00835457,"['EU_ 39 / EU 39', 'EU_ 40 / EU 40', 'EU_ 41 / EU 41', 'EU_ 42 / EU 42', 'EU_ 43 / EU 43', 'EU_ 44 / EU 44', 'EU_ 45 / EU 45', 'EU_ 46 / EU 46', 'EU_ 47 / EU 47']",The Curb sneakers from Lanvin are made from suede in a round-toe silhouette. The Italian-made design feature chunky laces sporting a zig-zag pattern and are set atop rubber soles.,[]
"['Men', 'Designers', 'Balenciaga', 'Shoes', 'Sneakers', 'Designer sneakers']",https://img.mytheresa.com/1094/1236/90/jpeg/catalog/product/65/P00636514.jpg,Balenciaga,Runner sneakers,€ 925,,,P00636514,"['EU_ 39 / EU 39', 'EU_ 40 / EU 40', 'EU_ 41 / EU 41', 'EU_ 42 / EU 42', 'EU_ 43 / EU 43', 'EU_ 44 / EU 44', 'EU_ 45 / EU 45', 'EU_ 46 / EU 46', 'EU_ 47 / EU 47']","Balenciaga's Runner sneakers are made from panels of mesh and technical nylon. Featuring squared toes, they have logo embroidery on the tongues.","['https://img.mytheresa.com/332/376/90/jpeg/catalog/product/65/P00636514_b1.jpg', 'https://img.mytheresa.com/332/376/90/jpeg/catalog/product/92/P00513613.jpg', 'https://img.mytheresa.com/332/376/90/jpeg/catalog/product/29/P00569656.jpg']"
"['Men', 'Designers', 'Christian Louboutin', 'Shoes', 'Formal shoes', 'Derby']",https://img.mytheresa.com/1094/1236/90/jpeg/catalog/product/bf/P00830473.jpg,Christian Louboutin,Davisol suede Derby shoes,€ 799,,,P00830473,"['EU_ 39 / EU 39', 'EU_ 40 / EU 40', 'EU_ 41 / EU 41', 'EU_ 42 / EU 42', 'EU_ 43 / EU 43', 'EU_ 44 / EU 44', 'EU_ 45 / EU 45', 'EU_ 46 / EU 46']","Defined by their chunky, lugged soles, the Davisol Derby shoes from Christian Louboutin combine elegance with a casual aesthetic. Expertly crafted from plush black suede, the squared-toe style is finished with distinctive red detailing.",[]
"['Men', 'Designers', 'Christian Louboutin', 'Shoes', 'Sneakers', 'Low-Top']",https://img.mytheresa.com/1094/1236/90/jpeg/catalog/product/cd/P00830489.jpg,Christian Louboutin,Astroloubi leather sneakers,€ 715,,,P00830489,"['EU_ 39 / EU 39', 'EU_ 40 / EU 40', 'EU_ 41 / EU 41', 'EU_ 42 / EU 42', 'EU_ 43 / EU 43', 'EU_ 44 / EU 44', 'EU_ 45 / EU 45', 'EU_ 46 / EU 46', 'EU_ 47 / EU 47']","Brand-iconic motifs combined, the Astroloubi sneakers from Christian Louboutin feature signature Loubispikes at the heels, monogram detailing at the outsoles, and Loubi-red detailing. They’re made from smooth leather with chunky rubber soles.",[]
"['Men', 'Designers', 'Christian Louboutin', 'Shoes', 'Sneakers', 'Low-Top']",https://img.mytheresa.com/1094/1236/90/jpeg/catalog/product/42/P00830478.jpg,Christian Louboutin,Louis Junior Spikes suede sneakers,€ 669,,,P00830478,"['EU_ 39 / EU 39', 'EU_ 40 / EU 40', 'EU_ 41 / EU 41', 'EU_ 42 / EU 42', 'EU_ 43 / EU 43', 'EU_ 44 / EU 44', 'EU_ 45 / EU 45', 'EU_ 46 / EU 46', 'EU_ 47 / EU 47', 'EU_ 48 / EU 48']",Christian Louboutin's Louis Junior Spikes sneakers are Italian-made with blue suede uppers and feature spiked embellishments on the rounded toe. The lace-up style has a low-top silhouette and is set atop a rubber sole.,[]
"['Men', 'Designers', 'Gucci', 'Shoes', 'Boots', 'Ankle boots']",https://img.mytheresa.com/1094/1236/90/jpeg/catalog/product/f2/P00815985.jpg,Gucci,GG canvas boots,€ 925,,,P00815985,"['UK_ 6 / EU 40', 'UK_ 7 / EU 41', 'UK_ 8 / EU 42', 'UK_ 9 / EU 43', 'UK_ 10 / EU 44', 'UK_ 11 / EU 45', 'UK_ 12 / EU 46']","Take your footwear edit in the right direction with these ankle boots from Gucci. Expertly crafted in Italy from GG Supreme canvas, they feature comfortable stacked heels and discrete logo lettering for iconic recognition.",[]
"['Men', 'Designers', ""Tod's"", 'Shoes', 'Formal shoes', 'Brogues']",https://img.mytheresa.com/1094/1236/90/jpeg/catalog/product/41/P00828528.jpg,Tod's,Suede Derby shoes,€ 585,,,P00828528,"['UK_ 6 / EU 39.5', 'UK_ 7 / EU 41', 'UK_ 7.5 / EU 41.5', 'UK_ 8 / EU 42', 'UK_ 8.5 / EU 42.5', 'UK_ 9 / EU 43-43.5', 'UK_ 9.5 / EU 44', 'UK_ 10 / EU 44.5', 'UK_ 10.5 / EU 45', 'UK_ 11 / EU 45.5', 'UK_ 12 / EU 47']","Tod's embodies the art of Italian craftsmanship with superior fabrications and timeless silhouettes that lend a sense of quiet sophistication. This classic flair is showcased on designs such as these Derby shoes, made from dark brown suede for versatile styling options.",[]
"['Men', 'Designers', 'Moncler', 'Shoes', 'Boots', 'Chelsea boots']",https://img.mytheresa.com/1094/1236/90/jpeg/catalog/product/12/P00832811.jpg,Moncler,Larue leather Chelsea boots,€ 640,,,P00832811,"['EU_ 39 / EU 39', 'EU_ 40 / EU 40', 'EU_ 41 / EU 41', 'EU_ 42 / EU 42', 'EU_ 43 / EU 43', 'EU_ 44 / EU 44', 'EU_ 45 / EU 45', 'EU_ 46 / EU 46']","Perfect for daily strolls and outdoor activities, the Larue Chelsea boots from Moncler will be your go-to choice for both style and functionality. Made from supple leather, this pair features chunky soles and a slip-on silhouette.",[]
"['Men', 'Designers', 'Rick Owens', 'Shoes', 'Boots', 'Chelsea boots']",https://img.mytheresa.com/1094/1236/90/jpeg/catalog/product/58/P00821422.jpg,Rick Owens,Leather knee-high boots,"€ 1,435",,,P00821422,"['EU_ 40 / EU 40', 'EU_ 41 / EU 41', 'EU_ 42 / EU 42', 'EU_ 43 / EU 43', 'EU_ 44 / EU 44', 'EU_ 45 / EU 45']","Command the street with your impeccable style and these leather knee-high boots from Rick Owens. Set on chunky lugged rubber soles, the pair has curved inside zips and snap button trims for adjustments.",[]
"['Men', 'Designers', 'Valentino Garavani', 'Shoes', 'Boots', 'Chelsea boots']",https://img.mytheresa.com/1094/1236/90/jpeg/catalog/product/a6/P00806768.jpg,Valentino Garavani,M-Way Rockstud leather Chelsea boots,"€ 1,009",,,P00806768,"['EU_ 40 / EU 40', 'EU_ 41 / EU 41', 'EU_ 42 / EU 42', 'EU_ 43 / EU 43', 'EU_ 44 / EU 44', 'EU_ 45 / EU 45', 'EU_ 46 / EU 46']","The M-Way Chelsea boots from Valentino Garavani are a timeless addition to your edit. Made in Italy from smooth leather, the classic design features midsoles decorated with brand-signature Rockstuds and elasticated sides.",[]
"['Men', 'Designers', 'Christian Louboutin', 'Shoes', 'Slippers']",https://img.mytheresa.com/1094/1236/90/jpeg/catalog/product/f6/P00808147.jpg,Christian Louboutin,Varsiboat suede boat shoes,€ 585,,,P00808147,"['EU_ 39 / EU 39', 'EU_ 40 / EU 40', 'EU_ 41 / EU 41', 'EU_ 42 / EU 42', 'EU_ 43 / EU 43', 'EU_ 44 / EU 44', 'EU_ 45 / EU 45', 'EU_ 46 / EU 46', 'EU_ 47 / EU 47']","The Varsiboat boat shoes from Christian Louboutin are made from suede for a tactile handle. Set on flat rubber soles, they have debossed detailing at the vamps and rounded toes.",[]
"['Men', 'Designers', 'Saint Laurent', 'Shoes', 'Sneakers', 'Designer sneakers']",https://img.mytheresa.com/1094/1236/90/jpeg/catalog/product/0e/P00829061.jpg,Saint Laurent,SL/61 leather low-top sneakers,€ 585,,,P00829061,"['EU_ 39 / EU 39', 'EU_ 40 / EU 40', 'EU_ 41 / EU 41', 'EU_ 42 / EU 42', 'EU_ 43 / EU 43', 'EU_ 44 / EU 44', 'EU_ 45 / EU 45', 'EU_ 46 / EU 46']","These SL/61 sneakers from Saint Laurent have a classic low-top silhouette. Made from leather, they have perforations to ensure breathability, lace-up fronts, and contrasting panels for a basketball-inspired finish.","['https://img.mytheresa.com/332/376/90/jpeg/catalog/product/0e/P00829061_b1.jpg', 'https://img.mytheresa.com/332/376/90/jpeg/catalog/product/09/P00709444.jpg', 'https://img.mytheresa.com/332/376/90/jpeg/catalog/product/12/P00775864.jpg']"
"['Men', 'Designers', 'Manolo Blahnik', 'Shoes', 'Loafers']",https://img.mytheresa.com/1094/1236/90/jpeg/catalog/product/f1/P00831222.jpg,Manolo Blahnik,Monaco suede loafers,€ 585,,,P00831222,"['UK_ 6 / EU 40', 'UK_ 7 / EU 41', 'UK_ 8 / EU 42', 'UK_ 9 / EU 43', 'UK_ 10 / EU 44', 'UK_ 11 / EU 45', 'UK_ 12 / EU 46', 'UK_ 13 / EU 47']","Every shoe from Manolo Blahnik starts as a sketch by the designer himself. Made from brown suede, the Monaco loafers are a minimalist’s dream with their sleek silhouette and contrasting white soles.",[]
"['Men', 'Designers', 'Christian Louboutin', 'Shoes', 'Loafers']",https://img.mytheresa.com/1094/1236/90/jpeg/catalog/product/b3/P00526313.jpg,Christian Louboutin,Dandelion leather loafers,€ 702,€ 249,40% off,P00526313,"['EU_ 39 / EU 39', 'EU_ 40 / EU 40', 'EU_ 41 / EU 41', 'EU_ 41.5 / EU 41.5', 'EU_ 42 / EU 42', 'EU_ 42.5 / EU 42.5', 'EU_ 43 / EU 43', 'EU_ 43.5 / EU 43.5', 'EU_ 44 / EU 44', 'EU_ 45 / EU 45', 'EU_ 46 / EU 46', 'EU_ 47 / EU 47']","Elegant yet practical, these slim and narrow loafers from Christian Louboutin are crafted in Italy from smooth black leather, in a classic slip-on design.","['https://img.mytheresa.com/332/376/90/jpeg/catalog/product/b3/P00526313_b1.jpg', 'https://img.mytheresa.com/332/376/90/jpeg/catalog/product/9f/P00504201.jpg']"
"['Men', 'Designers', 'Saint Laurent', 'Shoes', 'Sneakers', 'Designer sneakers']",https://img.mytheresa.com/1094/1236/90/jpeg/catalog/product/f6/P00829062.jpg,Saint Laurent,Leather sneakers,€ 669,,,P00829062,"['EU_ 39 / EU 39', 'EU_ 40 / EU 40', 'EU_ 41 / EU 41', 'EU_ 42 / EU 42', 'EU_ 43 / EU 43', 'EU_ 44 / EU 44', 'EU_ 45 / EU 45', 'EU_ 46 / EU 46']","Since its conception in 1961, Saint Laurent has been coveted for its elegant Parisian aesthetic. This extends to their footwear, such as these sporty-chic white leather sneakers.",[]
"['Men', 'Designers', 'Dolce & Gabbana', 'Shoes', 'Sneakers', 'Designer sneakers']",https://img.mytheresa.com/1094/1236/90/jpeg/catalog/product/38/P00818761.jpg,Dolce&Gabbana,Daymaster leather sneakers,€ 490,,,P00818761,"['EU_ 39 / EU 39', 'EU_ 40 / EU 40', 'EU_ 41 / EU 41', 'EU_ 42 / EU 42', 'EU_ 43 / EU 43', 'EU_ 44 / EU 44', 'EU_ 45 / EU 45', 'EU_ 46 / EU 46', 'EU_ 47 / EU 47']","Dolce&Gabbana's favorite symbols adorn the Daymaster sneakers. Made from leather, this pair is set on chunky soles and will be a comfortable addition to your athleisure wardrobe.","['https://img.mytheresa.com/332/376/90/jpeg/catalog/product/38/P00818761_b1.jpg', 'https://img.mytheresa.com/332/376/90/jpeg/catalog/product/a2/P00818706.jpg', 'https://img.mytheresa.com/332/376/90/jpeg/catalog/product/47/P00818709.jpg']"
"['Men', 'Designers', 'Gianvito Rossi', 'Shoes', 'Formal shoes', 'Loafers']",https://img.mytheresa.com/1094/1236/90/jpeg/catalog/product/36/P00837615.jpg,Gianvito Rossi,Jean patent leather loafers,€ 664,,,P00837615,"['EU_ 40 / EU 40', 'EU_ 41 / EU 41', 'EU_ 42 / EU 42', 'EU_ 43 / EU 43', 'EU_ 44 / EU 44', 'EU_ 45 / EU 45', 'EU_ 46 / EU 46']","Crafted from materials of the highest quality, Gianvito Rossi’s designs are handmade using both traditional craftsmanship and innovative techniques. These patent leather loafers have a classic slip-on shape and flat stacked heels.",[]
"['Men', 'Designers', 'Bottega Veneta', 'Shoes', 'Boots', 'Chelsea boots']",https://img.mytheresa.com/1094/1236/90/jpeg/catalog/product/71/P00858694.jpg,Bottega Veneta,Leather ankle boots,"€ 1,095",,,P00858694,"['EU_ 39 / EU 39', 'EU_ 40 / EU 40', 'EU_ 41 / EU 41', 'EU_ 42 / EU 42', 'EU_ 43 / EU 43', 'EU_ 44 / EU 44', 'EU_ 45 / EU 45', 'EU_ 46 / EU 46']","Conquer the city's streets with these ankle boots from Bottega Veneta. They're made from supple calf leather to a square-toe silhouette, featuring functional side zippers and rubber-injected outsoles for optimum grip.",[]
"['Men', 'Designers', 'Dolce & Gabbana', 'Shoes', 'Formal shoes', 'Derby']",https://img.mytheresa.com/1094/1236/90/jpeg/catalog/product/c7/P00816331.jpg,Dolce&Gabbana,Patent leather Derby shoes,€ 585,€ 819,50% off,P00816331,"['EU_ 40 / EU 40', 'EU_ 41 / EU 41', 'EU_ 42 / EU 42', 'EU_ 43 / EU 43', 'EU_ 44 / EU 44', 'EU_ 45 / EU 45', 'EU_ 46 / EU 46']",Complete your look on a sharp note with these Derby shoes from Dolce&Gabbana. The timeless style is made from patent brushed leather with grosgrain trims.,"['https://img.mytheresa.com/332/376/90/jpeg/catalog/product/c7/P00816331_b1.jpg', 'https://img.mytheresa.com/332/376/90/jpeg/catalog/product/66/P00604793.jpg', 'https://img.mytheresa.com/332/376/90/jpeg/catalog/product/28/P00818784.jpg']"
"['Men', 'Designers', 'Bottega Veneta', 'Shoes', 'Formal shoes', 'Derby']",https://img.mytheresa.com/1094/1236/90/jpeg/catalog/product/15/P00858693.jpg,Bottega Veneta,Intrecciato leather Derby shoes,"€ 1,135",,,P00858693,"['EU_ 39 / EU 39', 'EU_ 40 / EU 40', 'EU_ 41 / EU 41', 'EU_ 42 / EU 42', 'EU_ 43 / EU 43', 'EU_ 44 / EU 44', 'EU_ 45 / EU 45', 'EU_ 46 / EU 46']","Formal occasions demand outstanding footwear, like these glossy Derby shoes from Bottega Veneta. Meticulously crafted from black calfskin using the house's Intrecciato technique, they feature polished lace-up fronts and leather soles.",[]
"['Men', 'Designers', 'Saint Laurent', 'Shoes', 'Boots', 'Ankle boots']",https://img.mytheresa.com/1094/1236/90/jpeg/catalog/product/e9/P00829073.jpg,Saint Laurent,Wyatt suede ankle boots,€ 839,,,P00829073,"['EU_ 39 / EU 39', 'EU_ 40 / EU 40', 'EU_ 41 / EU 41', 'EU_ 42 / EU 42', 'EU_ 43 / EU 43', 'EU_ 44 / EU 44', 'EU_ 45 / EU 45', 'EU_ 46 / EU 46']","Saint Laurent adds label-signature Western accents to the classic Wyatt ankle boots. Made from velvety suede, the pair rest atop block heels and boast rounded toes and stitched paneling.","['https://img.mytheresa.com/332/376/90/jpeg/catalog/product/e9/P00829073_b1.jpg', 'https://img.mytheresa.com/332/376/90/jpeg/catalog/product/a0/P00709462.jpg', 'https://img.mytheresa.com/332/376/90/jpeg/catalog/product/b7/P00731043.jpg', 'https://img.mytheresa.com/332/376/90/jpeg/catalog/product/e2/P00775826.jpg', 'https://img.mytheresa.com/332/376/90/jpeg/catalog/product/48/P00828989.jpg']"
"['Men', 'Designers', 'Dolce & Gabbana', 'Shoes', 'Sneakers', 'Designer sneakers']",https://img.mytheresa.com/1094/1236/90/jpeg/catalog/product/71/P00818760.jpg,Dolce&Gabbana,Portofino leather sneakers,€ 419,€ 465,30% off,P00818760,"['EU_ 39 / EU 39', 'EU_ 40 / EU 40', 'EU_ 41 / EU 41', 'EU_ 42 / EU 42', 'EU_ 43 / EU 43', 'EU_ 44 / EU 44', 'EU_ 45 / EU 45', 'EU_ 46 / EU 46', 'EU_ 47 / EU 47']","These Italian-made sneakers from Dolce&Gabbana are instantly recognizable. Made from leather, they have a worn effect and feature the brand's lettering on the heel.","['https://img.mytheresa.com/332/376/90/jpeg/catalog/product/71/P00818760_b1.jpg', 'https://img.mytheresa.com/332/376/90/jpeg/catalog/product/dc/P00752646.jpg', 'https://img.mytheresa.com/332/376/90/jpeg/catalog/product/b6/P00752649.jpg', 'https://img.mytheresa.com/332/376/90/jpeg/catalog/product/57/P00752686.jpg']"
"['Men', 'Designers', 'Manolo Blahnik', 'Shoes', 'Boots', 'Chelsea boots']",https://img.mytheresa.com/1094/1236/90/jpeg/catalog/product/f2/P00831252.jpg,Manolo Blahnik,Brompton suede Chelsea boots,€ 669,,,P00831252,"['UK_ 6 / EU 40', 'UK_ 7 / EU 41', 'UK_ 7.5 / EU 41.5', 'UK_ 8 / EU 42', 'UK_ 8.5 / EU 42.5', 'UK_ 9 / EU 43', 'UK_ 9.5 / EU 43.5', 'UK_ 10 / EU 44', 'UK_ 10.5 / EU 44.5', 'UK_ 11 / EU 45', 'UK_ 12 / EU 46', 'UK_ 13 / EU 47']","Every shoe from Manolo Blahnik starts as a sketch by the designer himself. Made from brown suede, the Brompton Chelsea boots are designed with a classic silhouette and lug soles designed to slot perfectly into your collection.",[]
"['Men', 'Designers', 'Thom Browne', 'Shoes', 'Sneakers', 'Low-Top']",https://img.mytheresa.com/1094/1236/90/jpeg/catalog/product/d8/P00834024.jpg,Thom Browne,Tech Runner sneakers,€ 749,,,P00834024,"['US_ 6 / EU 39', 'US_ 7 / EU 40', 'US_ 8 / EU 41', 'US_ 9 / EU 42', 'US_ 10 / EU 43', 'US_ 11 / EU 44', 'US_ 12 / EU 45']","Tricolor grosgrain trims add a preppy touch to Thom Browne’s Americana-led designs. The motif decorates the pull tabs of the Tech Runner sneakers, complete with virgin wool uppers and athletic-inspired transparent cushioned soles.",[]
"['Men', 'Designers', 'Dolce & Gabbana', 'Shoes', 'Sneakers', 'Designer sneakers']",https://img.mytheresa.com/1094/1236/90/jpeg/catalog/product/91/P00512375.jpg,Dolce&Gabbana,Port Light leather sneakers,€ 419,,,P00512375,"['EU_ 39 / EU 39', 'EU_ 40 / EU 40', 'EU_ 41 / EU 41', 'EU_ 42 / EU 42', 'EU_ 43 / EU 43', 'EU_ 44 / EU 44', 'EU_ 45 / EU 45', 'EU_ 46 / EU 46', 'EU_ 47 / EU 47']","In a white colorway, these Dolce&Gabbana sneakers are Italian-made from leather, have a low-top silhouette, and feature the label's logo in black at the tongue and soles.","['https://img.mytheresa.com/332/376/90/jpeg/catalog/product/91/P00512375_b1.jpg', 'https://img.mytheresa.com/332/376/90/jpeg/catalog/product/f9/P00455741.jpg']"
"['Men', 'Designers', 'Saint Laurent', 'Shoes', 'Boots', 'Chelsea boots']",https://img.mytheresa.com/1094/1236/90/jpeg/catalog/product/ea/P00829057.jpg,Saint Laurent,Vassili 60 leather ankle boots,€ 825,,,P00829057,"['EU_ 40 / EU 40', 'EU_ 41 / EU 41', 'EU_ 42 / EU 42', 'EU_ 43 / EU 43', 'EU_ 44 / EU 44', 'EU_ 45 / EU 45', 'EU_ 46 / EU 46']","Add Vassili 60 ankle boots from Saint Laurent to your footwear collection. Expertly crafted in Italy from polished leather, they feature almond toes, flared heels and convenient side zipper fastenings, ensuring timeless style.",[]
"['Men', 'Designers', 'Brunello Cucinelli', 'Shoes', 'Boots', 'Chelsea boots']",https://img.mytheresa.com/1094/1236/90/jpeg/catalog/product/8a/P00830248.jpg,Brunello Cucinelli,Suede Chelsea boots,€ 835,,,P00830248,"['EU_ 39 / EU 39', 'EU_ 40 / EU 40', 'EU_ 41 / EU 41', 'EU_ 42 / EU 42', 'EU_ 43 / EU 43', 'EU_ 44 / EU 44', 'EU_ 45 / EU 45', 'EU_ 46 / EU 46']","Each Brunello Cucinelli design is handmade in Solomeo, a medieval hamlet whose art and traditions are woven into the house's every fiber. These Chelsea boots are crafted from refined suede with rubber soles and elasticated sides.","['https://img.mytheresa.com/332/376/90/jpeg/catalog/product/8a/P00830248_b1.jpg', 'https://img.mytheresa.com/332/376/90/jpeg/catalog/product/37/P00830308.jpg', 'https://img.mytheresa.com/332/376/90/jpeg/catalog/product/a3/P00830201.jpg', 'https://img.mytheresa.com/332/376/90/jpeg/catalog/product/c6/P00830444.jpg']"
"['Men', 'Designers', ""Tod's"", 'Shoes', 'Boots', 'Chelsea boots']",https://img.mytheresa.com/1094/1236/90/jpeg/catalog/product/5a/P00837622.jpg,Tod's,Suede Chelsea boots,€ 549,,,P00837622,"['UK_ 6 / EU 39.5', 'UK_ 7 / EU 41', 'UK_ 7.5 / EU 41.5', 'UK_ 8 / EU 42', 'UK_ 8.5 / EU 42.5', 'UK_ 9 / EU 43-43.5', 'UK_ 9.5 / EU 44', 'UK_ 10 / EU 44.5', 'UK_ 10.5 / EU 45', 'UK_ 11 / EU 45.5', 'UK_ 11.5 / EU 46.5', 'UK_ 12 / EU 47', 'UK_ 13 / EU 48']","Add refined designs to your footwear rotation, cue these Chelsea boots from Tod's. Crafted from suede, the brown style features elasticated sides and brand-signature pebble detailing at the heels.",[]
"['Men', 'Designers', 'Tom Ford', 'Shoes', 'Boots', 'Chelsea boots']",https://img.mytheresa.com/1094/1236/90/jpeg/catalog/product/8c/P00837521.jpg,Tom Ford,Suede Chelsea boots,€ 835,,,P00837521,"['UK_ 6 / EU 39', 'UK_ 7 / EU 40', 'UK_ 8 / EU 41', 'UK_ 9 / EU 42', 'UK_ 10 / EU 43', 'UK_ 11 / EU 44', 'UK_ 12 / EU 45', 'UK_ 13 / EU 46']","Tom Ford creates sophisticated styles that will become a core part of your edit. Made of brown suede calfskin, these Chelsea boots have traditional elements, such as pull tabs, elasticated side panels, and stacked heels.",[]
"['Men', 'Designers', 'Gucci', 'Shoes', 'Sneakers', 'Low-Top']",https://img.mytheresa.com/1094/1236/90/jpeg/catalog/product/bc/P00815921.jpg,Gucci,MAC80 leather sneakers,€ 635,,,P00815921,"['UK_ 5 / EU 39', 'UK_ 6 / EU 40', 'UK_ 7 / EU 41', 'UK_ 8 / EU 42', 'UK_ 9 / EU 43', 'UK_ 10 / EU 44', 'UK_ 11 / EU 45', 'UK_ 12 / EU 46']","The latest addition to Gucci's line of retro sneakers is the MAC80. Made in Italy from leather, this pair has ribbed inserts and Interlocking G embroidery that references the house's founder Guccio Gucci.","['https://img.mytheresa.com/332/376/90/jpeg/catalog/product/bc/P00815921_b1.jpg', 'https://img.mytheresa.com/332/376/90/jpeg/catalog/product/39/P00737651.jpg', 'https://img.mytheresa.com/332/376/90/jpeg/catalog/product/ec/P00737678.jpg', 'https://img.mytheresa.com/332/376/90/jpeg/catalog/product/97/P00773751.jpg']"
"['Men', 'Designers', 'Brunello Cucinelli', 'Shoes', 'Loafers']",https://img.mytheresa.com/1094/1236/90/jpeg/catalog/product/e2/P00830222.jpg,Brunello Cucinelli,Suede loafers,€ 799,,,P00830222,"['EU_ 39 / EU 39', 'EU_ 40 / EU 40', 'EU_ 41 / EU 41', 'EU_ 42 / EU 42', 'EU_ 43 / EU 43', 'EU_ 44 / EU 44', 'EU_ 45 / EU 45', 'EU_ 46 / EU 46']","Brunello Cucinelli's designs are created in Solomeo, a medieval hamlet whose art and traditions are woven into the house's every fiber. These brown suede loafers are finished with tassels on the front and set atop a rubber sole.",[]
"['Men', 'Designers', ""Tod's"", 'Shoes', 'Loafers']",https://img.mytheresa.com/1094/1236/90/jpeg/catalog/product/c3/P00837625.jpg,Tod's,Suede loafers,€ 465,,,P00837625,"['UK_ 6 / EU 39.5', 'UK_ 7 / EU 41', 'UK_ 7.5 / EU 41.5', 'UK_ 8 / EU 42', 'UK_ 8.5 / EU 42.5', 'UK_ 9 / EU 43-43.5', 'UK_ 9.5 / EU 44', 'UK_ 10 / EU 44.5', 'UK_ 10.5 / EU 45', 'UK_ 11 / EU 45.5', 'UK_ 11.5 / EU 46.5', 'UK_ 12 / EU 47', 'UK_ 13 / EU 48']",These loafers from Tod are a slip-on style for easy on-the-go wear. They’re made in Italy from beige-toned suede and sit atop comfortable rubber lug soles.,[]
"['Men', 'Designers', 'Zegna', 'Shoes', 'Formal shoes', 'Oxford']",https://img.mytheresa.com/1094/1236/90/jpeg/catalog/product/40/P00828596.jpg,Zegna,Oxford leather shoes,€ 835,,,P00828596,"['UK_ 6 / EU 40', 'UK_ 7 / EU 41', 'UK_ 8 / EU 42', 'UK_ 9 / EU 43', 'UK_ 10 / EU 44', 'UK_ 11 / EU 45', 'UK_ 12 / EU 46']","With an almond-shaped toe, these classic Oxford shoes from Zegna are Italian-crafted from supple leather. The design features a formal lace-up detail and is finished with sleek rubber soles.",[]
"['Men', 'Designers', 'Alexander McQueen', 'Shoes', 'Boots', 'Ankle boots']",https://img.mytheresa.com/1094/1236/90/jpeg/catalog/product/f9/P00864157.jpg,Alexander McQueen,Tread Slick leather ankle boots,€ 749,,,P00864157,"['EU_ 39 / EU 39', 'EU_ 40 / EU 40', 'EU_ 41 / EU 41', 'EU_ 42 / EU 42', 'EU_ 43 / EU 43', 'EU_ 44 / EU 44', 'EU_ 45 / EU 45']","Finish off your casual ensembles with the Tread Slick ankle boots from Alexander McQueen. Crafted from smooth leather, this pair features chunky rubber soles and is defined by silver-toned zipper fastening at the center.",[]
"['Men', 'Designers', 'Loewe', 'Shoes', 'Slippers']",https://img.mytheresa.com/1094/1236/90/jpeg/catalog/product/1b/P00840195.jpg,Loewe,Toy leather slippers,€ 575,,,P00840195,"['EU_ 41 / EU 41', 'EU_ 42 / EU 42', 'EU_ 43 / EU 43', 'EU_ 44 / EU 44', 'EU_ 45 / EU 45', 'EU_ 46 / EU 46']","Crafted from smooth nappa leather, the Toy slippers are a sophisticated choice with seamless construction and a squared-toe silhouette. All of Loewe's leather goods are handcrafted in Spain, reflecting the house's centuries-long expertise and artisanal methods.",[]
"['Men', 'Designers', 'Gucci', 'Shoes', 'Sneakers', 'Designer sneakers']",https://img.mytheresa.com/1094/1236/90/jpeg/catalog/product/f4/P00815926.jpg,Gucci,Gucci Run suede sneakers,€ 749,,,P00815926,"['UK_ 5 / EU 39', 'UK_ 6 / EU 40', 'UK_ 7 / EU 41', 'UK_ 8 / EU 42', 'UK_ 9 / EU 43', 'UK_ 10 / EU 44', 'UK_ 11 / EU 45', 'UK_ 12 / EU 46']","The Gucci Run sneakers are a streamlined version of traditional running styles. Made from plush suede with mesh inserts and GG embroidery, the design is set on bi-chromatic soles.",[]
"['Men', 'Designers', 'Lemaire', 'Shoes', 'Formal shoes', 'Brogues']",https://img.mytheresa.com/1094/1236/90/jpeg/catalog/product/65/P00845052.jpg,Lemaire,Leather Derby shoes,€ 499,,,P00845052,"['EU_ 39 / EU 39', 'EU_ 40 / EU 40', 'EU_ 41 / EU 41', 'EU_ 42 / EU 42', 'EU_ 43 / EU 43', 'EU_ 44 / EU 44', 'EU_ 45 / EU 45', 'EU_ 46 / EU 46']","Designed to transcend seasons and trends, Lemaire's styles strike the perfect balance between quality and functionality. These Derby shoes are crafted from polished black leather and rest on stacked heels.",[]
"['Men', 'Designers', 'Giorgio Armani', 'Shoes', 'Formal shoes', 'Loafers']",https://img.mytheresa.com/1094/1236/90/jpeg/catalog/product/1e/P00820281.jpg,Giorgio Armani,Leather penny loafers,€ 835,,,P00820281,"['UK_ 6 / EU 40', 'UK_ 7 / EU 41', 'UK_ 8 / EU 42', 'UK_ 9 / EU 43', 'UK_ 10 / EU 44', 'UK_ 11 / EU 45', 'UK_ 12 / EU 46']",Turn to these penny loafers from Giorgio Armani for a timeless addition to your everyday wardrobe. The style is crafted from black leather and set atop a thick rubber sole for comfort.,[]
"['Men', 'Designers', 'Gucci', 'Shoes', 'Loafers']",https://img.mytheresa.com/1094/1236/90/jpeg/catalog/product/b3/P00737552.jpg,Gucci,Horsebit leather loafers,€ 635,,,P00737552,"['UK_ 5 / EU 39', 'UK_ 6 / EU 40', 'UK_ 7 / EU 41', 'UK_ 7.5 / EU 41.5', 'UK_ 8 / EU 42', 'UK_ 8.5 / EU 42.5', 'UK_ 9 / EU 43', 'UK_ 9.5 / EU 43.5', 'UK_ 10 / EU 44', 'UK_ 10.5 / EU 44.5', 'UK_ 11 / EU 45', 'UK_ 12 / EU 46', 'UK_ 13 / EU 47', 'UK_ 5.5 / EU 39.5']","A true classic, these loafers from Gucci feature the label's iconic golden Horsebit detail over the bridges. The slip-on pair is made in Italy from supple leather and features tonal stitching throughout.","['https://img.mytheresa.com/332/376/90/jpeg/catalog/product/b3/P00737552_b1.jpg', 'https://img.mytheresa.com/332/376/90/jpeg/catalog/product/53/P00737502.jpg', 'https://img.mytheresa.com/332/376/90/jpeg/catalog/product/2e/P00737602.jpg']"
"['Men', 'Designers', 'Giorgio Armani', 'Shoes', 'Formal shoes', 'Derby']",https://img.mytheresa.com/1094/1236/90/jpeg/catalog/product/2c/P00820283.jpg,Giorgio Armani,Leather Derby shoes,€ 835,,,P00820283,"['UK_ 6 / EU 40', 'UK_ 7 / EU 41', 'UK_ 8 / EU 42', 'UK_ 9 / EU 43', 'UK_ 10 / EU 44', 'UK_ 11 / EU 45', 'UK_ 12 / EU 46']","Giorgio Armani elevates these Derby shoes with a distinct platform rubber sole. Made in Italy from black leather, the lace-up style has a rounded toe and logo lettering on the tongue.",[]
"['Men', 'Designers', 'Dolce & Gabbana', 'Shoes', 'Formal shoes', 'Loafers']",https://img.mytheresa.com/1094/1236/90/jpeg/catalog/product/c9/P00816316.jpg,Dolce&Gabbana,DG suede loafers,€ 669,,,P00816316,"['EU_ 40 / EU 40', 'EU_ 41 / EU 41', 'EU_ 42 / EU 42', 'EU_ 43 / EU 43', 'EU_ 44 / EU 44', 'EU_ 45 / EU 45', 'EU_ 46 / EU 46']","Arriving in a classic silhouette, these loafers from Dolce&Gabbana will make a refined addition to your edit. Expertly crafted from plush suede, the style rests on quilted footbeds and is adorned with gleaming golden hardware.",[]
"['Men', 'Designers', 'Christian Louboutin', 'Shoes', 'Sneakers', 'Designer sneakers']",https://img.mytheresa.com/1094/1236/90/jpeg/catalog/product/7c/P00830483.jpg,Christian Louboutin,Happyrui leather-trimmed sneakers,€ 715,,,P00830483,"['EU_ 39 / EU 39', 'EU_ 40 / EU 40', 'EU_ 41 / EU 41', 'EU_ 42 / EU 42', 'EU_ 43 / EU 43', 'EU_ 44 / EU 44', 'EU_ 45 / EU 45', 'EU_ 46 / EU 46', 'EU_ 47 / EU 47']","The Happyrui low-top sneakers from Christian Louboutin are inspired by classic tennis shoes. Set atop thick rubber soles, they're crafted from a mix of off-white leather, suede, and nylon, and are finished with a heel tab.",[]
"['Men', 'Designers', 'Christian Louboutin', 'Shoes', 'Sneakers', 'Low-Top']",https://img.mytheresa.com/1094/1236/90/jpeg/catalog/product/78/P00808136.jpg,Christian Louboutin,Happyrui suede-trimmed sneakers,€ 715,,,P00808136,"['EU_ 39 / EU 39', 'EU_ 40 / EU 40', 'EU_ 41 / EU 41', 'EU_ 42 / EU 42', 'EU_ 43 / EU 43', 'EU_ 44 / EU 44', 'EU_ 45 / EU 45', 'EU_ 46 / EU 46']",Christian Louboutin’s Happyrui sneakers are a low-top design inspired by classic tennis shoes.  The modern style combines leather and suede panels with tactile monogrammed fabric and sits atop thick rubber soles.,[]
"['Men', 'Designers', 'Maison Margiela', 'Shoes', 'Sneakers', 'Designer sneakers']",https://img.mytheresa.com/1094/1236/90/jpeg/catalog/product/a7/P00443359.jpg,Maison Margiela,Replica leather and suede sneakers,€ 415,,,P00443359,"['EU_ 39 / EU 39', 'EU_ 40 / EU 40', 'EU_ 40.5 / EU 40.5', 'EU_ 41 / EU 41', 'EU_ 41.5 / EU 41.5', 'EU_ 42 / EU 42', 'EU_ 42.5 / EU 42.5', 'EU_ 43 / EU 43', 'EU_ 43.5 / EU 43.5', 'EU_ 44 / EU 44', 'EU_ 44.5 / EU 44.5', 'EU_ 45 / EU 45', 'EU_ 45.5 / EU 45.5', 'EU_ 46 / EU 46', 'EU_ 47 / EU 47']","This update to Maison Margiela's iconic Replica sneakers sees the sleek silhouette in a white and grey shade with leather uppers, suede trims and debossed logo on the tongue, atop a brown rubber sole.",[]
"['Men', 'Designers', 'Gucci', 'Shoes', 'Sneakers', 'Designer sneakers']",https://img.mytheresa.com/1094/1236/90/jpeg/catalog/product/42/P00815917.jpg,Gucci,GG jacquard sneakers,€ 549,,,P00815917,"['UK_ 5 / EU 39', 'UK_ 6 / EU 40', 'UK_ 7 / EU 41', 'UK_ 8 / EU 42', 'UK_ 9 / EU 43', 'UK_ 10 / EU 44', 'UK_ 11 / EU 45', 'UK_ 12 / EU 46', 'UK_ 13 / EU 47']","A historic interpretation of founder Guccio Gucci's initials, GG Supreme canvas is a key fabric at the house of Gucci. These sneakers are inspired by tennis, featuring lugged rubber soles with logo midsoles.","['https://img.mytheresa.com/332/376/90/jpeg/catalog/product/42/P00815917_b1.jpg', 'https://img.mytheresa.com/332/376/90/jpeg/catalog/product/37/P00773782.jpg', 'https://img.mytheresa.com/332/376/90/jpeg/catalog/product/13/P00815914.jpg']"
